Date,Permit Type Definition,delta_monthly,delta_quarterly,delta_yearly,delta_fiveyearly
1977-12-01,new construction,119.0,119.0,119.0,119.0
1978-06-01,new construction,85.0,85.0,102.0,102.0
1979-02-01,new construction wood frame,365.0,365.0,225.0,189.66666669999998
1979-04-01,new construction,196.0,280.5,215.33333330000002,191.25
1979-08-01,new construction,135.0,135.0,232.0,180.0
1979-09-01,new construction,94.0,114.5,197.5,165.66666669999998
1979-10-01,new construction,376.0,295.6666667,289.6,236.0
1979-11-01,new construction,216.0,322.6666667,277.3333333,233.5
1979-12-01,new construction,159.66666669999998,246.2,240.875,213.1
1979-12-01,new construction wood frame,159.66666669999998,246.2,240.875,213.1
1980-02-01,new construction,440.0,234.33333330000002,263.0,233.7272727
1980-04-01,new construction,19.0,229.5,228.125,215.83333330000002
1980-05-01,new construction,113.5,222.33333330000002,225.88888889999998,215.23076919999997
1980-08-01,new construction,225.5,225.5,234.9,216.6
1980-08-01,new construction wood frame,225.5,225.5,234.9,216.6
1980-09-01,new construction wood frame,350.0,267.0,260.5,224.9375
1980-10-01,new construction wood frame,207.5,216.5,201.2,215.52941180000002
1980-11-01,new construction wood frame,96.0,170.33333330000002,189.2,208.88888889999998
1980-12-01,new construction,74.0,140.75,186.77777780000002,200.63157890000002
1981-02-01,new construction wood frame,180.0,116.0,157.88888889999998,199.6
1981-03-01,new construction,242.83333330000002,195.125,179.0454545,206.38636359999998
1981-03-01,new construction wood frame,242.83333330000002,195.125,179.0454545,206.38636359999998
1981-04-01,new construction,73.0,200.375,170.20833330000002,200.58695649999999
1981-06-01,new construction,407.3333333,295.8888889,219.1805556,217.1266667
1981-06-01,new construction wood frame,407.3333333,295.8888889,219.1805556,217.1266667
1981-07-01,new construction,256.875,220.1,203.0714286,208.9259259
1981-07-01,new construction wood frame,256.875,220.1,203.0714286,208.9259259
1981-08-01,new construction,430.5,314.75,231.5,224.2068966
1981-08-01,new construction wood frame,430.5,314.75,231.5,224.2068966
1981-09-01,new construction,242.3,259.7388889,233.6,225.37419350000002
1981-09-01,new construction wood frame,242.3,259.7388889,233.6,225.37419350000002
1981-10-01,new construction,264.7611111,320.0074074,233.06143790000002,229.1225589
1981-10-01,new construction wood frame,264.7611111,320.0074074,233.06143790000002,229.1225589
1981-11-01,new construction,262.5,264.0074074,245.6691358,231.02984130000002
1981-11-01,new construction wood frame,262.5,264.0074074,245.6691358,231.02984130000002
1981-12-01,new construction wood frame,239.8,254.06349210000002,251.13580249999998,230.0123457
1982-01-01,new construction,365.8541667,290.2216667,273.6922515,237.16191519999998
1982-01-01,new construction wood frame,365.8541667,290.2216667,273.6922515,237.16191519999998
1982-02-01,new construction,195.5,263.4216667,266.2453704,235.07881940000001
1982-02-01,new construction wood frame,195.5,263.4216667,266.2453704,235.07881940000001
1982-03-01,new construction,237.5013889,268.01626980000003,271.3708333,237.194246
1982-03-01,new construction wood frame,237.5013889,268.01626980000003,271.3708333,237.194246
1982-04-01,new construction,212.0347222,263.2229167,265.714899,236.05063130000002
1982-04-01,new construction wood frame,212.0347222,263.2229167,265.714899,236.05063130000002
1982-05-01,new construction,287.88099750000003,262.6911932,282.6166227,241.60178959999996
1982-05-01,new construction wood frame,287.88099750000003,262.6911932,282.6166227,241.60178959999996
1982-06-01,new construction,282.23214289999993,285.99804589999997,282.5858644,243.294721
1982-06-01,new construction wood frame,282.23214289999993,285.99804589999997,282.5858644,243.294721
1982-07-01,new construction,242.57531060000002,265.228154,266.23267599999997,241.6796713
1982-07-01,new construction wood frame,242.57531060000002,265.228154,266.23267599999997,241.6796713
1982-08-01,new construction,214.8111111,233.32057740000002,274.9042315,240.6462651
1982-08-01,new construction wood frame,214.8111111,233.32057740000002,274.9042315,240.6462651
1982-09-01,new construction,260.35,226.0265298,261.2922315,241.37603309999997
1982-09-01,new construction wood frame,260.35,226.0265298,261.2922315,241.37603309999997
1982-10-01,new construction,288.075,263.6537037,267.1722315,244.0340319
1982-10-01,new construction wood frame,288.075,263.6537037,267.1722315,244.0340319
1982-11-01,new construction,154.75,243.6333333,256.5744537,240.9552722
1982-11-01,new construction wood frame,154.75,243.6333333,256.5744537,240.9552722
1982-12-01,new construction,257.94605260000003,273.01052630000004,264.4658222,247.0964406
1982-12-01,new construction wood frame,257.94605260000003,273.01052630000004,264.4658222,247.0964406
1983-01-01,new construction,170.7368421,228.87631580000001,259.95073990000003,244.59284730000002
1983-01-01,new construction wood frame,170.7368421,228.87631580000001,259.95073990000003,244.59284730000002
1983-02-01,new construction,279.96666669999996,270.6152047,253.34400919999996,245.71582560000002
1983-02-01,new construction wood frame,279.96666669999996,270.6152047,253.34400919999996,245.71582560000002
1983-03-01,new construction,264.6378788,265.2886762,257.48317000000003,245.8263877
1983-03-01,new construction wood frame,264.6378788,265.2886762,257.48317000000003,245.8263877
1983-04-01,new construction,174.84239130000003,218.7137477,249.432371,243.7074624
1983-04-01,new construction wood frame,174.84239130000003,218.7137477,249.432371,243.7074624
1983-05-01,new construction,174.9461957,219.7920372,246.5873924,241.71739100000002
1983-05-01,new construction wood frame,174.9461957,219.7920372,246.5873924,241.71739100000002
1983-06-01,new construction,145.3755102,165.08930049999998,229.791103,241.2035857
1983-06-01,new construction wood frame,145.3755102,165.08930049999998,229.791103,241.2035857
1983-07-01,new construction,226.3462457,200.6462207,231.72070589999998,243.04006890000002
1983-07-01,new construction wood frame,226.3462457,200.6462207,231.72070589999998,243.04006890000002
1983-08-01,new construction,238.7608696,230.4844536,234.47781290000003,242.92441490000002
1983-08-01,new construction wood frame,238.7608696,230.4844536,234.47781290000003,242.92441490000002
1983-09-01,new construction,216.74183670000002,254.27322909999998,234.62633030000003,242.2353997
1983-09-01,new construction wood frame,216.74183670000002,254.27322909999998,234.62633030000003,242.2353997
1983-10-01,new construction,235.16699680000002,236.36495440000002,234.10649619999998,242.5265986
1983-10-01,new construction wood frame,235.16699680000002,236.36495440000002,234.10649619999998,242.5265986
1983-11-01,new construction,224.8676471,231.73388019999996,227.11169980000003,242.08512480000002
1983-11-01,new construction wood frame,224.8676471,231.73388019999996,227.11169980000003,242.08512480000002
1983-12-01,new construction wood frame,192.945098,217.07189730000002,228.98016780000003,240.69024669999996
1984-01-01,new construction,171.4041667,184.3287255,213.8011327,239.02070260000002
1984-01-01,new construction wood frame,171.4041667,184.3287255,213.8011327,239.02070260000002
1984-02-01,new construction,176.33333330000002,164.915,214.248852,236.02839269999996
1984-02-01,new construction wood frame,176.33333330000002,164.915,214.248852,236.02839269999996
1984-03-01,new construction,144.8136132,150.1661123,196.706851,233.174102
1984-03-01,new construction wood frame,144.8136132,150.1661123,196.706851,233.174102
1984-04-01,new construction,167.91666669999998,157.2370149,196.104614,232.1012196
1984-04-01,new construction wood frame,167.91666669999998,157.2370149,196.104614,232.1012196
1984-05-01,new construction,200.002451,172.40803209999999,201.0644606,232.1009278
1984-05-01,new construction wood frame,200.002451,172.40803209999999,201.0644606,232.1009278
1984-06-01,new construction,171.20370369999998,190.4028686,203.31039040000002,230.76252730000002
1984-06-01,new construction wood frame,171.20370369999998,190.4028686,203.31039040000002,230.76252730000002
1984-07-01,new construction,160.2049592,180.10370509999998,189.5616281,229.0086281
1984-07-01,new construction wood frame,160.2049592,180.10370509999998,189.5616281,229.0086281
1984-08-01,new construction,345.6811224,222.0303469,198.85904140000002,232.49111340000002
1984-08-01,new construction wood frame,345.6811224,222.0303469,198.85904140000002,232.49111340000002
1984-09-01,new construction,206.2833333,233.72355679999998,197.9496064,233.39717180000002
1984-09-01,new construction wood frame,206.2833333,233.72355679999998,197.9496064,233.39717180000002
1984-10-01,new construction,223.1416667,263.9881519,196.76767969999997,229.1117846
1984-10-01,new construction wood frame,223.1416667,263.9881519,196.76767969999997,229.1117846
1984-11-01,new construction,188.3735632,211.5522989,193.5942811,228.4069943
1984-11-01,new construction wood frame,188.3735632,211.5522989,193.5942811,228.4069943
1984-12-01,new construction,216.26792200000003,219.7047943,200.4955428,230.7299279
1984-12-01,new construction wood frame,216.26792200000003,219.7047943,200.4955428,230.7299279
1985-01-01,new construction,149.88571430000002,194.14051940000002,198.7023384,229.09671150000003
1985-01-01,new construction wood frame,149.88571430000002,194.14051940000002,198.7023384,229.09671150000003
1985-02-01,new construction,360.45,251.49933169999997,214.045394,229.6147444
1985-02-01,new construction wood frame,360.45,251.49933169999997,214.045394,229.6147444
1985-03-01,new construction,331.5166667,264.2703321,220.85600469999997,231.04550099999997
1985-03-01,new construction wood frame,331.5166667,264.2703321,220.85600469999997,231.04550099999997
1985-04-01,new construction,210.88888889999998,255.9519841,228.363312,232.7128047
1985-04-01,new construction wood frame,210.88888889999998,255.9519841,228.363312,232.7128047
1985-05-01,new construction,209.5333529,270.5250098,231.4603236,232.4786011
1985-05-01,new construction wood frame,209.5333529,270.5250098,231.4603236,232.4786011
1985-06-01,new construction,152.78571430000002,190.61747340000002,225.3601297,230.9749617
1985-06-01,new construction wood frame,152.78571430000002,190.61747340000002,225.3601297,230.9749617
1985-07-01,new construction,159.7225446,184.6279488,225.0105659,229.7839324
1985-07-01,new construction wood frame,159.7225446,184.6279488,225.0105659,229.7839324
1985-08-01,new construction,406.2287582,241.89128250000002,244.7815308,233.13076119999997
1985-08-01,new construction wood frame,406.2287582,241.89128250000002,244.7815308,233.13076119999997
1985-09-01,new construction,156.7941176,243.2274169,230.25176119999998,230.657894
1985-09-01,new construction wood frame,156.7941176,243.2274169,230.25176119999998,230.657894
1985-10-01,new construction,183.2631303,257.5850062,230.5170543,231.78340669999997
1985-10-01,new construction wood frame,183.2631303,257.5850062,230.5170543,231.78340669999997
1985-11-01,new construction,408.3723077,258.2995227,243.4687702,236.1884626
1985-11-01,new construction wood frame,408.3723077,258.2995227,243.4687702,236.1884626
1985-12-01,new construction,314.38127579999997,248.82220299999997,245.9315918,237.55089139999998
1985-12-01,new construction wood frame,314.38127579999997,248.82220299999997,245.9315918,237.55089139999998
1986-01-01,new construction,116.9323467,248.5649661,236.1446738,235.4347766
1986-01-01,new construction wood frame,116.9323467,248.5649661,236.1446738,235.4347766
1986-02-01,new construction,189.30833330000002,175.54364130000002,239.177183,235.1146191
1986-02-01,new construction wood frame,189.30833330000002,175.54364130000002,239.177183,235.1146191
1986-03-01,new construction,149.89329709999998,159.2772962,219.9485877,232.26641490000003
1986-03-01,new construction wood frame,149.89329709999998,159.2772962,219.9485877,232.26641490000003
1986-04-01,new construction,187.1486486,150.96689740000002,211.0689965,232.86150869999997
1986-04-01,new construction wood frame,187.1486486,150.96689740000002,211.0689965,232.86150869999997
1986-05-01,new construction,218.94351040000004,184.41840369999997,214.13434139999998,233.16450640000002
1986-05-01,new construction wood frame,218.94351040000004,184.41840369999997,214.13434139999998,233.16450640000002
1986-06-01,new construction,180.3653846,206.0841351,211.9949235,229.317592
1986-06-01,new construction wood frame,180.3653846,206.0841351,211.9949235,229.317592
1986-07-01,new construction wood frame,171.6091811,198.65736930000003,214.41573430000003,230.77554959999998
1986-08-01,new construction,374.3760504,252.7159289,231.03306830000002,229.81616580000002
1986-08-01,new construction wood frame,374.3760504,252.7159289,231.03306830000002,229.81616580000002
1986-09-01,new construction,390.9583333,336.9531083,229.81143430000003,232.35733390000001
1986-09-01,new construction wood frame,390.9583333,336.9531083,229.81143430000003,232.35733390000001
1986-10-01,new construction,334.23784720000003,347.6172483,239.4692938,232.1914389
1986-10-01,new construction wood frame,334.23784720000003,347.6172483,239.4692938,232.1914389
1986-11-01,new construction,246.92674419999997,305.1341462,242.4448619,231.92522940000003
1986-11-01,new construction wood frame,246.92674419999997,305.1341462,242.4448619,231.92522940000003
1986-12-01,new construction,303.3574197,318.7976335,238.5581249,234.410407
1986-12-01,new construction wood frame,303.3574197,318.7976335,238.5581249,234.410407
1987-01-01,new construction,199.3157895,268.6768763,236.87216859999998,231.58772259999998
1987-01-01,new construction wood frame,199.3157895,268.6768763,236.87216859999998,231.58772259999998
1987-02-01,new construction,226.22981370000002,261.7778995,245.6159659,232.10856690000003
1987-02-01,new construction wood frame,226.22981370000002,261.7778995,245.6159659,232.10856690000003
1987-03-01,new construction,232.2736906,255.9128165,249.53670469999997,231.4105125
1987-03-01,new construction wood frame,232.2736906,255.9128165,249.53670469999997,231.4105125
1987-04-01,new construction wood frame,159.35294119999998,212.4398975,257.3672515,231.12584590000003
1987-05-01,new construction,164.8996983,203.3991225,255.7442872,227.77449219999997
1987-05-01,new construction wood frame,164.8996983,203.3991225,255.7442872,227.77449219999997
1987-06-01,new construction,245.46078430000003,197.1241327,255.30448819999998,227.1459219
1987-06-01,new construction wood frame,245.46078430000003,197.1241327,255.30448819999998,227.1459219
1987-07-01,new construction,255.44765409999997,216.64138730000002,262.3935831,228.21457230000001
1987-07-01,new construction wood frame,255.44765409999997,216.64138730000002,262.3935831,228.21457230000001
1987-08-01,new construction,264.3375,258.410936,266.8809689,229.06117719999997
1987-08-01,new construction wood frame,264.3375,258.410936,266.8809689,229.06117719999997
1987-09-01,new construction,177.37142859999997,235.7144841,251.1205991,227.6427401
1987-09-01,new construction wood frame,177.37142859999997,235.7144841,251.1205991,227.6427401
1987-10-01,new construction,234.74981680000002,244.6123779,243.21418880000002,227.238094
1987-10-01,new construction wood frame,234.74981680000002,244.6123779,243.21418880000002,227.238094
1987-11-01,new construction,275.0909091,248.19684759999998,243.0200727,229.29520359999998
1987-11-01,new construction wood frame,275.0909091,248.19684759999998,243.0200727,229.29520359999998
1987-12-01,new construction,310.25159489999993,272.5007059,250.8989156,229.02631769999996
1987-12-01,new construction wood frame,310.25159489999993,272.5007059,250.8989156,229.02631769999996
1988-01-01,new construction wood frame,175.66666669999998,283.3346093,238.6901403,229.5713117
1988-02-01,new construction,572.5256410000001,402.308502,269.79096119999997,234.6154319
1988-02-01,new construction wood frame,572.5256410000001,402.308502,269.79096119999997,234.6154319
1988-03-01,new construction,433.33950120000003,371.4070333,278.82704680000006,235.38860899999997
1988-03-01,new construction wood frame,433.33950120000003,371.4070333,278.82704680000006,235.38860899999997
1988-04-01,new construction,197.1477273,329.04573230000005,276.9190236,235.7731838
1988-04-01,new construction wood frame,197.1477273,329.04573230000005,276.9190236,235.7731838
1988-05-01,new construction,445.8584381,439.59896960000003,322.73607339999995,244.7304105
1988-05-01,new construction wood frame,445.8584381,439.59896960000003,322.73607339999995,244.7304105
1988-06-01,new construction,206.23809519999998,365.9849905,319.3254047,245.7797654
1988-06-01,new construction wood frame,206.23809519999998,365.9849905,319.3254047,245.7797654
1988-07-01,new construction,366.0390476,405.94874289999996,341.9693592,249.5474036
1988-07-01,new construction wood frame,366.0390476,405.94874289999996,341.9693592,249.5474036
1988-08-01,new construction,199.60465119999998,310.56091549999996,336.3404158,248.8722964
1988-08-01,new construction wood frame,199.60465119999998,310.56091549999996,336.3404158,248.8722964
1988-09-01,new construction wood frame,273.3023256,344.8383256,347.9267742,249.64352209999998
1988-10-01,new construction,184.36268,190.45946840000002,334.0871971,247.6661429
1988-10-01,new construction wood frame,184.36268,190.45946840000002,334.0871971,247.6661429
1988-11-01,new construction,224.0882353,200.2529021,329.45059039999995,247.65258799999998
1988-11-01,new construction wood frame,224.0882353,200.2529021,329.45059039999995,247.65258799999998
1988-12-01,new construction wood frame,233.1101056,208.7363928,324.20201299999997,248.71392569999998
1989-01-01,new construction,401.1354167,300.32023,337.9475655,252.7092518
1989-01-01,new construction wood frame,401.1354167,300.32023,337.9475655,252.7092518
1989-02-01,new construction,237.20738640000002,305.56789039999995,307.4640878,253.767931
1989-02-01,new construction wood frame,237.20738640000002,305.56789039999995,307.4640878,253.767931
1989-03-01,new construction,238.02604169999998,286.5041209,301.74580519999995,255.9514233
1989-03-01,new construction wood frame,238.02604169999998,286.5041209,301.74580519999995,255.9514233
1989-04-01,new construction,414.0080128,322.7988782,311.73369280000003,260.2312728
1989-04-01,new construction wood frame,414.0080128,322.7988782,311.73369280000003,260.2312728
1989-05-01,new construction,341.2274913,289.62676650000003,317.6752963,260.8635986
1989-05-01,new construction wood frame,341.2274913,289.62676650000003,317.6752963,260.8635986
1989-06-01,new construction wood frame,271.106383,327.20326960000006,282.8771825,262.52642819999994
1989-07-01,new construction wood frame,220.82905359999998,301.0946787,284.73866960000004,263.7181602
1989-08-01,new construction,211.9318182,216.3804359,256.2015622,261.3509159
1989-08-01,new construction wood frame,211.9318182,216.3804359,256.2015622,261.3509159
1989-09-01,new construction,228.06521740000002,210.1091591,258.7888864,261.73643599999997
1989-09-01,new construction wood frame,228.06521740000002,210.1091591,258.7888864,261.73643599999997
1989-10-01,new construction,317.2885611,282.1696468,271.00334710000004,264.68354930000004
1989-10-01,new construction wood frame,317.2885611,282.1696468,271.00334710000004,264.68354930000004
1989-11-01,new construction,190.85,275.14237410000004,275.434403,264.7273801
1989-11-01,new construction wood frame,190.85,275.14237410000004,275.434403,264.7273801
1989-12-01,new construction,225.4178571,271.3532091,278.5559229,265.00744080000004
1989-12-01,new construction wood frame,225.4178571,271.3532091,278.5559229,265.00744080000004
1990-01-01,new construction,354.3640351,268.3999165,286.0150188,268.6265262
1990-01-01,new construction wood frame,354.3640351,268.3999165,286.0150188,268.6265262
1990-02-01,new construction wood frame,252.15,296.1698997,274.53215730000005,266.8397094
1990-03-01,new construction,232.34761899999998,275.1060508,273.24859580000003,265.40869330000004
1990-03-01,new construction wood frame,232.34761899999998,275.1060508,273.24859580000003,265.40869330000004
1990-04-01,new construction wood frame,308.6,285.72848789999995,277.98310489999994,266.780143
1990-05-01,new construction,307.6871795,270.0173993,268.27608280000004,268.5648809
1990-05-01,new construction wood frame,307.6871795,270.0173993,268.27608280000004,268.5648809
1990-06-01,new construction,499.21153849999996,384.2969231,289.25468,274.8067876
1990-06-01,new construction wood frame,499.21153849999996,384.2969231,289.25468,274.8067876
1990-07-01,new construction,393.9914835,357.0039246,290.0017145,277.0070048
1990-07-01,new construction wood frame,393.9914835,357.0039246,290.0017145,277.0070048
1990-08-01,new construction,1325.769231,704.5840659,381.2927571000001,293.57530160000005
1990-08-01,new construction wood frame,1325.769231,704.5840659,381.2927571000001,293.57530160000005
1990-09-01,new construction,311.99285710000004,642.1778387999999,389.631177,296.3716753
1990-09-01,new construction wood frame,311.99285710000004,642.1778387999999,389.631177,296.3716753
1990-10-01,new construction,290.48253969999996,635.5781034,393.04009410000003,297.43906410000005
1990-10-01,new construction wood frame,290.48253969999996,635.5781034,393.04009410000003,297.43906410000005
1990-11-01,new construction,220.3653846,267.11015469999995,377.5278841,294.051552
1990-11-01,new construction wood frame,220.3653846,267.11015469999995,377.5278841,294.051552
1990-12-01,new construction,222.43269229999999,256.45761600000003,380.33205069999997,294.12560160000004
1990-12-01,new construction wood frame,222.43269229999999,256.45761600000003,380.33205069999997,294.12560160000004
1991-01-01,new construction,241.61428569999998,228.8265568,378.80109839999994,296.372123
1991-01-01,new construction wood frame,241.61428569999998,228.8265568,378.80109839999994,296.372123
1991-02-01,new construction,252.04166669999998,239.38531749999999,370.27423430000005,297.5024534
1991-02-01,new construction wood frame,252.04166669999998,239.38531749999999,370.27423430000005,297.5024534
1991-03-01,new construction,314.6090686,273.8331057,375.5513826,302.30782650000003
1991-03-01,new construction wood frame,314.6090686,273.8331057,375.5513826,302.30782650000003
1991-04-01,new construction,276.7130435,286.88636660000003,379.89271180000003,303.9215994
1991-04-01,new construction wood frame,276.7130435,286.88636660000003,379.89271180000003,303.9215994
1991-05-01,new construction,257.9707193,286.2898939,371.81440710000004,303.7142124
1991-05-01,new construction wood frame,257.9707193,286.2898939,371.81440710000004,303.7142124
1991-06-01,new construction,309.1851852,275.0422079,371.96474680000006,306.03528989999995
1991-06-01,new construction wood frame,309.1851852,275.0422079,371.96474680000006,306.03528989999995
1991-07-01,new construction,299.67384260000006,278.8222809,355.8840515,307.10844110000005
1991-07-01,new construction wood frame,299.67384260000006,278.8222809,355.8840515,307.10844110000005
1991-08-01,new construction,390.546875,329.9648534,363.71293199999997,307.3972058
1991-08-01,new construction wood frame,390.546875,329.9648534,363.71293199999997,307.3972058
1991-09-01,new construction wood frame,376.89285710000007,347.6623214,287.2756251,306.5176869
1991-10-01,new construction,368.8698413,377.54065479999997,291.5048632,308.0913981
1991-10-01,new construction wood frame,368.8698413,377.54065479999997,291.5048632,308.0913981
1991-11-01,new construction,461.1574074,405.78486769999995,306.87967799999996,311.95141010000003
1991-11-01,new construction wood frame,461.1574074,405.78486769999995,306.87967799999996,311.95141010000003
1991-12-01,new construction wood frame,481.0007716,424.93530639999994,322.9978618,312.97925299999997
1992-01-01,new construction wood frame,440.57142860000005,470.8934358,336.67478739999996,316.2353915
1992-02-01,new construction,262.75,371.68973210000007,338.5126756,316.9054867
1992-02-01,new construction wood frame,262.75,371.68973210000007,338.5126756,316.9054867
1992-03-01,new construction,279.90972220000003,346.8163029,339.1187692,317.9835028
1992-03-01,new construction wood frame,279.90972220000003,346.8163029,339.1187692,317.9835028
1992-04-01,new construction,407.3125,339.26218819999997,351.55681269999997,321.04976239999996
1992-04-01,new construction wood frame,407.3125,339.26218819999997,351.55681269999997,321.04976239999996
1992-05-01,new construction,404.115625,342.0126736,366.9558941,325.2905928
1992-05-01,new construction wood frame,404.115625,342.0126736,366.9558941,325.2905928
1992-06-01,new construction,329.92,379.38375,368.93063839999996,326.82621489999997
1992-06-01,new construction wood frame,329.92,379.38375,368.93063839999996,326.82621489999997
1992-07-01,new construction,323.04333330000003,363.5794792,371.40722569999997,327.74861749999997
1992-07-01,new construction wood frame,323.04333330000003,363.5794792,371.40722569999997,327.74861749999997
1992-08-01,new construction,335.4551282,327.1805983,366.1603927,329.0416653
1992-08-01,new construction wood frame,335.4551282,327.1805983,366.1603927,329.0416653
1992-09-01,new construction,501.30952379999997,384.3104396,377.958838,334.9314488
1992-09-01,new construction wood frame,501.30952379999997,384.3104396,377.958838,334.9314488
1992-10-01,new construction,464.45238099999995,421.4532967,383.662193,337.3944858
1992-10-01,new construction wood frame,464.45238099999995,421.4532967,383.662193,337.3944858
1992-11-01,new construction,319.2083333,416.03769839999995,370.75773169999997,338.1966208
1992-11-01,new construction wood frame,319.2083333,416.03769839999995,370.75773169999997,338.1966208
1992-12-01,new construction,367.7083333,416.08035710000007,368.1912724,339.48382169999996
1992-12-01,new construction wood frame,367.7083333,416.08035710000007,368.1912724,339.48382169999996
1993-01-01,new construction,341.475,358.9638889,362.9490765,340.995529
1993-01-01,new construction wood frame,341.475,358.9638889,362.9490765,340.995529
1993-02-01,new construction wood frame,532.1290323,409.4991398,379.0176899,338.52346789999996
1993-03-01,new construction,403.4430108,389.38509980000003,375.8242747,339.3406796
1993-03-01,new construction wood frame,403.4430108,389.38509980000003,375.8242747,339.3406796
1993-04-01,new construction,269.0701754,347.3456262,373.5843332,340.6483604
1993-04-01,new construction wood frame,269.0701754,347.3456262,373.5843332,340.6483604
1993-05-01,new construction,291.46508769999997,339.4556262,366.1081332,333.72637589999994
1993-05-01,new construction wood frame,291.46508769999997,339.4556262,366.1081332,333.72637589999994
1993-06-01,new construction wood frame,1080.5,449.2720702,392.97357630000005,342.9167446000001
1993-07-01,new construction,486.0217391,374.84650980000004,381.212127,336.73220530000003
1993-07-01,new construction wood frame,486.0217391,374.84650980000004,381.212127,336.73220530000003
1993-08-01,new construction,142.547619,348.6320911,366.743873,335.6852873
1993-08-01,new construction wood frame,142.547619,348.6320911,366.743873,335.6852873
1993-09-01,new construction wood frame,503.60869569999994,233.25383019999998,375.4152779,337.79818969999997
1993-10-01,new construction,303.7584541,239.27412009999998,349.5477831,338.9714095
1993-10-01,new construction wood frame,303.7584541,239.27412009999998,349.5477831,338.9714095
1993-11-01,new construction,407.15,345.1150725,347.7699363,342.33034100000003
1993-11-01,new construction wood frame,407.15,345.1150725,347.7699363,342.33034100000003
1993-12-01,new construction,343.80119049999996,326.6400177,344.3998535,342.0341644
1993-12-01,new construction wood frame,343.80119049999996,326.6400177,344.3998535,342.0341644
1994-01-01,new construction wood frame,316.96551719999997,338.4340558,336.6247945,340.7197501
1994-02-01,new construction wood frame,577.5833332999999,363.8634031,347.6370864,344.82982710000005
1994-03-01,new construction,526.547619,409.5855227,353.1958775,349.68510610000004
1994-03-01,new construction wood frame,526.547619,409.5855227,353.1958775,349.68510610000004
1994-04-01,new construction,201.125,383.14306239999996,340.6526957,345.742828
1994-04-01,new construction wood frame,201.125,383.14306239999996,340.6526957,345.742828
1994-05-01,new construction,303.63194439999995,399.16723360000003,353.11348780000003,348.2926784
1994-05-01,new construction wood frame,303.63194439999995,399.16723360000003,353.11348780000003,348.2926784
1994-06-01,new construction,425.38461540000003,344.21616810000006,363.2520892,350.41534049999996
1994-06-01,new construction wood frame,425.38461540000003,344.21616810000006,363.2520892,350.41534049999996
1994-07-01,new construction,536.6208791,420.12641179999997,356.815663,357.45849710000005
1994-07-01,new construction wood frame,536.6208791,420.12641179999997,356.815663,357.45849710000005
1994-08-01,new construction,189.990566,421.0774414,356.9207027,357.05956519999995
1994-08-01,new construction wood frame,189.990566,421.0774414,356.9207027,357.05956519999995
1994-09-01,new construction wood frame,281.0,391.33908360000004,372.95822389999995,358.7286398
1994-10-01,new construction,228.8282828,213.29319610000002,352.47639469999996,354.9897502
1994-10-01,new construction wood frame,228.8282828,213.29319610000002,352.47639469999996,354.9897502
1994-11-01,new construction,434.33333330000005,311.030303,372.5198729,359.4573343
1994-11-01,new construction wood frame,434.33333330000005,311.030303,372.5198729,359.4573343
1994-12-01,new construction wood frame,478.6837607,353.75602180000004,378.22916789999994,363.224654
1995-01-01,new construction,527.6,498.25025639999996,400.6971332,366.4327274
1995-01-01,new construction wood frame,527.6,498.25025639999996,400.6971332,366.4327274
1995-02-01,new construction,260.125,428.56692310000005,392.1139745,365.5305923
1995-02-01,new construction wood frame,260.125,428.56692310000005,392.1139745,365.5305923
1995-03-01,new construction,239.1592742,368.46024460000007,369.89271569999994,365.4525578
1995-03-01,new construction wood frame,239.1592742,368.46024460000007,369.89271569999994,365.4525578
1995-04-01,new construction,361.609375,341.8819808,358.27435019999996,365.8995232
1995-04-01,new construction wood frame,361.609375,341.8819808,358.27435019999996,365.8995232
1995-05-01,new construction,522.6821385,380.9207063,398.49350860000004,372.7454165
1995-05-01,new construction wood frame,522.6821385,380.9207063,398.49350860000004,372.7454165
1995-06-01,new construction,634.6347826,559.9996865,417.5348331,375.20765730000005
1995-06-01,new construction wood frame,634.6347826,559.9996865,417.5348331,375.20765730000005
1995-07-01,new construction,567.4673912999999,545.0747649,423.7777818,379.0536313
1995-07-01,new construction wood frame,567.4673912999999,545.0747649,423.7777818,379.0536313
1995-08-01,new construction,317.8125,484.2490942,396.27406160000004,360.7271453
1995-08-01,new construction wood frame,317.8125,484.2490942,396.27406160000004,360.7271453
1995-09-01,new construction wood frame,334.8333333,394.21166669999997,411.54042089999996,361.38379449999996
1995-10-01,new construction,325.44444439999995,322.3916667,409.4137367,362.3338455
1995-10-01,new construction wood frame,325.44444439999995,322.3916667,409.4137367,362.3338455
1995-11-01,new construction,164.462963,261.0518519,406.2237816,361.308113
1995-11-01,new construction wood frame,164.462963,261.0518519,406.2237816,361.308113
1995-12-01,new construction,158.1492743,229.84720430000002,382.6823026,359.974821
1995-12-01,new construction wood frame,158.1492743,229.84720430000002,382.6823026,359.974821
1996-01-01,new construction,553.5208332999999,289.939794,388.96129249999996,365.6978769
1996-01-01,new construction wood frame,553.5208332999999,289.939794,388.96129249999996,365.6978769
1996-02-01,new construction,797.0609756,500.80579819999997,410.5181706,375.6982312
1996-02-01,new construction wood frame,797.0609756,500.80579819999997,410.5181706,375.6982312
1996-03-01,new construction,540.1883825,446.433296,429.25864110000003,373.9760169
1996-03-01,new construction wood frame,540.1883825,446.433296,429.25864110000003,373.9760169
1996-04-01,new construction wood frame,590.6052632,551.2000657000001,442.7425118,377.78300939999997
1996-05-01,new construction,657.7330044,590.564649,443.42814569999996,386.1546479
1996-05-01,new construction wood frame,657.7330044,590.564649,443.42814569999996,386.1546479
1996-06-01,new construction,355.4761905,536.8302788,418.0500919,387.0118887
1996-06-01,new construction wood frame,355.4761905,536.8302788,418.0500919,387.0118887
1996-07-01,new construction wood frame,385.0674603,521.4002324,411.464382,389.35709330000003
1996-08-01,new construction,683.7083332999999,504.52380949999997,446.3116041999999,394.8367467
1996-08-01,new construction wood frame,683.7083332999999,504.52380949999997,446.3116041999999,394.8367467
1996-09-01,new construction,375.92857139999995,512.7047619,444.98034079999996,394.6527425
1996-09-01,new construction wood frame,375.92857139999995,512.7047619,444.98034079999996,394.6527425
1996-10-01,new construction wood frame,329.6735931,471.2874892,446.9157683,393.7377865
1996-11-01,new construction wood frame,321.8857143,327.7266234,468.9095461,391.7878685
1996-12-01,new construction,293.53333330000004,311.60346319999996,481.6617018,388.4816901
1996-12-01,new construction wood frame,293.53333330000004,311.60346319999996,481.6617018,388.4816901
1997-01-01,new construction wood frame,1242.407407,530.7518518999999,514.1368304,395.97548430000006
1997-02-01,new construction,214.6428571,446.08148150000005,452.82966,395.07628539999996
1997-02-01,new construction wood frame,214.6428571,446.08148150000005,452.82966,395.07628539999996
1997-03-01,new construction,638.8660714,622.3694255,510.9496244,409.3944132
1997-03-01,new construction wood frame,638.8660714,622.3694255,510.9496244,409.3944132
1997-04-01,new construction wood frame,1064.966667,810.4730599999999,561.41386,415.6183385
1997-05-01,new construction,934.1730994,765.4262262999999,589.296408,424.4458398
1997-05-01,new construction wood frame,934.1730994,765.4262262999999,589.296408,424.4458398
1997-06-01,new construction,567.739726,787.5997501,577.5290605,428.93300439999996
1997-06-01,new construction wood frame,567.739726,787.5997501,577.5290605,428.93300439999996
1997-07-01,new construction,597.3877202000001,741.7243113,603.3918722999999,434.7984581
1997-07-01,new construction wood frame,597.3877202000001,741.7243113,603.3918722999999,434.7984581
1997-08-01,new construction,148.90384619999998,447.8930955,569.3085005,431.2786226
1997-08-01,new construction wood frame,148.90384619999998,447.8930955,569.3085005,431.2786226
1997-09-01,new construction,775.0772727000001,517.0056111,577.6147677,436.4440518999999
1997-09-01,new construction wood frame,775.0772727000001,517.0056111,577.6147677,436.4440518999999
1997-10-01,new construction wood frame,629.5118326,437.268638,585.4308904,435.6786664
1997-11-01,new construction,195.1625,455.77209960000005,565.7822756,433.3158886
1997-11-01,new construction wood frame,195.1625,455.77209960000005,565.7822756,433.3158886
1997-12-01,new construction,294.93125,438.3229283,561.5097542999999,432.9062061000001
1997-12-01,new construction wood frame,294.93125,438.3229283,561.5097542999999,432.9062061000001
1998-01-01,new construction,323.25,304.3708333,565.3265244,432.5590632
1998-01-01,new construction wood frame,323.25,304.3708333,565.3265244,432.5590632
1998-02-01,new construction wood frame,278.9428571,342.9685714,523.4367614,430.14776629999994
1998-03-01,new construction,274.0047619,322.5591837,528.3839664,428.86082760000005
1998-03-01,new construction wood frame,274.0047619,322.5591837,528.3839664,428.86082760000005
1998-04-01,new construction,865.0158103,456.9351295,511.16018590000004,440.21217300000006
1998-04-01,new construction wood frame,865.0158103,456.9351295,511.16018590000004,440.21217300000006
1998-05-01,new construction,819.2856829,585.5938596,509.9511967,448.96827879999995
1998-05-01,new construction wood frame,819.2856829,585.5938596,509.9511967,448.96827879999995
1998-06-01,new construction,506.5,715.0237886,479.76150369999993,444.09593650000005
1998-06-01,new construction wood frame,506.5,715.0237886,479.76150369999993,444.09593650000005
1998-07-01,new construction,438.0588235,628.6722532000001,463.2513304,447.50791839999994
1998-07-01,new construction wood frame,438.0588235,628.6722532000001,463.2513304,447.50791839999994
1998-08-01,new construction,420.4090909,432.17557930000004,446.0324451,452.75058770000004
1998-08-01,new construction wood frame,420.4090909,432.17557930000004,446.0324451,452.75058770000004
1998-09-01,new construction,333.57142860000005,374.5327222,461.4214103,450.04763039999995
1998-09-01,new construction wood frame,333.57142860000005,374.5327222,461.4214103,450.04763039999995
1998-10-01,new construction,293.42857139999995,335.7554113,417.9387805,450.97197400000005
1998-10-01,new construction wood frame,293.42857139999995,335.7554113,417.9387805,450.97197400000005
1998-11-01,new construction,795.9980695,460.9517375,451.3658367,458.24016219999993
1998-11-01,new construction wood frame,795.9980695,460.9517375,451.3658367,458.24016219999993
1998-12-01,new construction,487.63539840000004,390.5319849,450.09465489999997,456.3489537
1998-12-01,new construction wood frame,487.63539840000004,390.5319849,450.09465489999997,456.3489537
1999-01-01,new construction,291.6049383,422.29191169999996,441.84705,454.58872599999995
1999-01-01,new construction wood frame,291.6049383,422.29191169999996,441.84705,454.58872599999995
1999-02-01,new construction,486.5,319.1258885,454.90705,454.0458631
1999-02-01,new construction wood frame,486.5,319.1258885,454.90705,454.0458631
1999-03-01,new construction,445.6681034,340.55346810000003,457.8233002,452.2808437
1999-03-01,new construction wood frame,445.6681034,340.55346810000003,457.8233002,452.2808437
1999-04-01,new construction,509.27060930000005,423.0529386,476.1105998,457.9348916
1999-04-01,new construction wood frame,509.27060930000005,423.0529386,476.1105998,457.9348916
1999-05-01,new construction,345.1647164,395.4164099,423.4985239,453.8049821
1999-05-01,new construction wood frame,345.1647164,395.4164099,423.4985239,453.8049821
1999-06-01,new construction,347.3938224,345.9077517,390.7168522,452.3739584
1999-06-01,new construction wood frame,347.3938224,345.9077517,390.7168522,452.3739584
1999-07-01,new construction,287.5334497,316.349083,369.2686273,444.664159
1999-07-01,new construction wood frame,287.5334497,316.349083,369.2686273,444.664159
1999-08-01,new construction,248.8430233,274.6366409,359.9782716,445.7440206
1999-08-01,new construction wood frame,248.8430233,274.6366409,359.9782716,445.7440206
1999-09-01,new construction,172.2808219,216.26564069999998,340.8914817,442.2696353999999
1999-09-01,new construction wood frame,172.2808219,216.26564069999998,340.8914817,442.2696353999999
1999-10-01,new construction,264.4023157,259.2158849,342.6570495,445.06566060000006
1999-10-01,new construction wood frame,264.4023157,259.2158849,342.6570495,445.06566060000006
1999-11-01,new construction,265.1851852,264.6632722,343.5723934,441.99023969999996
1999-11-01,new construction wood frame,265.1851852,264.6632722,343.5723934,441.99023969999996
1999-12-01,new construction,352.9386517,308.6704837,316.2411664,440.83717110000003
1999-12-01,new construction wood frame,352.9386517,308.6704837,316.2411664,440.83717110000003
2000-01-01,new construction,222.3,309.39243450000004,319.5509566,435.33627019999994
2000-01-01,new construction wood frame,222.3,309.39243450000004,319.5509566,435.33627019999994
2000-02-01,new construction wood frame,295.9473684,324.386321,320.8424945,437.2547578
2000-03-01,new construction,313.28912280000003,323.69308639999997,299.2308673,439.1414205
2000-03-01,new construction wood frame,313.28912280000003,323.69308639999997,299.2308673,439.1414205
2000-04-01,new construction,272.03333330000004,275.5048622,278.601539,437.5127652
2000-04-01,new construction wood frame,272.03333330000004,275.5048622,278.601539,437.5127652
2000-05-01,new construction,273.77149760000003,290.7076227,286.81465539999994,430.0901245
2000-05-01,new construction wood frame,273.77149760000003,290.7076227,286.81465539999994,430.0901245
2000-06-01,new construction,243.82558140000003,263.78952549999997,277.80872139999997,422.98450269999995
2000-06-01,new construction wood frame,243.82558140000003,263.78952549999997,277.80872139999997,422.98450269999995
2000-07-01,new construction,283.83779069999997,278.8046441,286.17193210000005,419.7763209
2000-07-01,new construction wood frame,283.83779069999997,278.8046441,286.17193210000005,419.7763209
2000-08-01,new construction,410.1258621,325.9338145,300.1965268,421.4547456
2000-08-01,new construction wood frame,410.1258621,325.9338145,300.1965268,421.4547456
2000-09-01,new construction,279.6355519,337.8704713,309.5317207,419.67981789999993
2000-09-01,new construction wood frame,279.6355519,337.8704713,309.5317207,419.67981789999993
2000-10-01,new construction,303.3245942,338.9250168,306.9656187,419.7926762
2000-10-01,new construction wood frame,303.3245942,338.9250168,306.9656187,419.7926762
2000-11-01,new construction,245.3478261,283.9990048,305.2406309,421.25006119999995
2000-11-01,new construction wood frame,245.3478261,283.9990048,305.2406309,421.25006119999995
2000-12-01,new construction,283.8072464,293.5659203,294.94276560000003,424.3208914
2000-12-01,new construction wood frame,283.8072464,293.5659203,294.94276560000003,424.3208914
2001-01-01,new construction,355.9342105,307.84956780000005,306.5631317,420.7607721
2001-01-01,new construction wood frame,355.9342105,307.84956780000005,306.5631317,420.7607721
2001-02-01,new construction,255.66666669999998,311.2891813,302.76408310000005,411.0059197
2001-02-01,new construction wood frame,255.66666669999998,311.2891813,302.76408310000005,411.0059197
2001-03-01,new construction,292.76190479999997,315.9311717,304.8481646,411.8445026
2001-03-01,new construction wood frame,292.76190479999997,315.9311717,304.8481646,411.8445026
2001-04-01,new construction,375.27777779999997,329.1839495,308.94953210000006,409.5954472
2001-04-01,new construction wood frame,375.27777779999997,329.1839495,308.94953210000006,409.5954472
2001-05-01,new construction,364.962963,328.8624339,315.30451789999995,403.5838628
2001-05-01,new construction wood frame,364.962963,328.8624339,315.30451789999995,403.5838628
2001-06-01,new construction,288.28125,339.402392,316.2869477,402.38395310000004
2001-06-01,new construction wood frame,288.28125,339.402392,316.2869477,402.38395310000004
2001-07-01,new construction,343.0413342,354.0021486,328.13124289999996,401.9323503
2001-07-01,new construction wood frame,343.0413342,354.0021486,328.13124289999996,401.9323503
2001-08-01,new construction,270.578125,318.8869311,324.0334064,394.62031129999997
2001-08-01,new construction wood frame,270.578125,318.8869311,324.0334064,394.62031129999997
2001-09-01,new construction,400.6666667,356.3487367,323.30577589999996,395.0581536
2001-09-01,new construction wood frame,400.6666667,356.3487367,323.30577589999996,395.0581536
2001-10-01,new construction,370.94444439999995,337.4890046,328.0432121,395.49870319999997
2001-10-01,new construction wood frame,370.94444439999995,337.4890046,328.0432121,395.49870319999997
2001-11-01,new construction wood frame,344.7857143,365.71269839999997,328.7952783,395.69958039999995
2001-12-01,new construction,380.6619048,375.10907030000004,341.0554522,397.7915604
2001-12-01,new construction wood frame,380.6619048,375.10907030000004,341.0554522,397.7915604
2002-01-01,new construction,1338.9545449999998,763.978961,422.3904825,406.8151267
2002-01-01,new construction wood frame,1338.9545449999998,763.978961,422.3904825,406.8151267
2002-02-01,new construction,386.0727273,707.8757576,424.80156380000005,409.7965157
2002-02-01,new construction wood frame,386.0727273,707.8757576,424.80156380000005,409.7965157
2002-03-01,new construction wood frame,417.36848480000003,675.3163636,441.1944067,398.9507082
2002-04-01,new construction,301.5882353,647.5987166,438.83866449999994,391.4660047
2002-04-01,new construction wood frame,301.5882353,647.5987166,438.83866449999994,391.4660047
2002-05-01,new construction,331.78630510000005,368.4643822,437.73088089999993,382.6522318
2002-05-01,new construction wood frame,331.78630510000005,368.4643822,437.73088089999993,382.6522318
2002-06-01,new construction,419.58620690000004,361.0529391,443.1423858,380.0756489
2002-06-01,new construction wood frame,419.58620690000004,361.0529391,443.1423858,380.0756489
2002-07-01,new construction wood frame,460.19080460000004,386.81680489999997,460.88064169999996,377.158142
2002-08-01,new construction,480.1190476,468.1621018,468.0386964,382.968935
2002-08-01,new construction wood frame,480.1190476,468.1621018,468.0386964,382.968935
2002-09-01,new construction,266.65,406.987619,467.6971203,374.0491583
2002-09-01,new construction wood frame,266.65,406.987619,467.6971203,374.0491583
2002-10-01,new construction wood frame,263.3333333,350.047619,464.2000197,373.33265869999997
2002-11-01,new construction,584.6071429,391.84285710000006,486.3259216,380.1650209
2002-11-01,new construction wood frame,584.6071429,391.84285710000006,486.3259216,380.1650209
2002-12-01,new construction wood frame,620.6714286,442.00238099999996,502.1447528,382.67444589999997
2003-01-01,new construction,338.4,507.7628571,496.67202549999996,382.9425875
2003-01-01,new construction wood frame,338.4,507.7628571,496.67202549999996,382.9425875
2003-02-01,new construction,710.0,557.92,439.49433949999997,389.5927151
2003-02-01,new construction wood frame,710.0,557.92,439.49433949999997,389.5927151
2003-03-01,new construction,568.9333333,520.7619048,443.29378859999997,392.33536339999995
2003-03-01,new construction wood frame,568.9333333,520.7619048,443.29378859999997,392.33536339999995
2003-04-01,new construction,327.875,451.0354166999999,431.6631891,382.91184039999996
2003-04-01,new construction wood frame,327.875,451.0354166999999,431.6631891,382.91184039999996
2003-05-01,new construction,561.7708332999999,565.3520833,474.6265308999999,383.2997547
2003-05-01,new construction wood frame,561.7708332999999,565.3520833,474.6265308999999,383.2997547
2003-06-01,new construction wood frame,689.2777778,587.2722222,494.6236018,383.8269895
2003-07-01,new construction,570.8634258999999,565.6676587000001,502.9936057,386.340947
2003-07-01,new construction wood frame,570.8634258999999,565.6676587000001,502.9936057,386.340947
2003-08-01,new construction wood frame,332.3666667,511.2392361,493.4920905,385.2506741
2003-09-01,new construction,291.6568627,387.7985784,476.3591647,384.5021997
2003-09-01,new construction wood frame,291.6568627,387.7985784,476.3591647,384.5021997
2003-10-01,new construction,350.6617647,347.0027451,489.3606798,387.2947167
2003-10-01,new construction wood frame,350.6617647,347.0027451,489.3606798,387.2947167
2003-11-01,new construction,491.15384620000003,397.4924585,499.63228899999996,381.85106989999997
2003-11-01,new construction wood frame,491.15384620000003,397.4924585,499.63228899999996,381.85106989999997
2003-12-01,new construction,475.81442310000006,413.23809389999997,488.8381897,386.872539
2003-12-01,new construction wood frame,475.81442310000006,413.23809389999997,488.8381897,386.872539
2004-01-01,new construction,630.9,527.5096154,492.17826510000003,392.93137939999997
2004-01-01,new construction wood frame,630.9,527.5096154,492.17826510000003,392.93137939999997
2004-02-01,new construction,630.75,574.0416667000001,516.5407651,395.5072723
2004-02-01,new construction wood frame,630.75,574.0416667000001,516.5407651,395.5072723
2004-03-01,new construction,540.3107143,542.9991071000001,500.9539948,396.31147269999997
2004-03-01,new construction wood frame,540.3107143,542.9991071000001,500.9539948,396.31147269999997
2004-04-01,new construction,616.5952381,582.0291667,527.2012892,398.22798389999997
2004-04-01,new construction wood frame,616.5952381,582.0291667,527.2012892,398.22798389999997
2004-05-01,new construction,578.6865079,559.4986111000001,504.029572,404.6515367
2004-05-01,new construction wood frame,578.6865079,559.4986111000001,504.029572,404.6515367
2004-06-01,new construction,437.0,531.457672,490.1466438,406.25164700000005
2004-06-01,new construction wood frame,437.0,531.457672,490.1466438,406.25164700000005
2004-07-01,new construction,664.328125,621.5073165,523.190122,418.10848930000003
2004-07-01,new construction wood frame,664.328125,621.5073165,523.190122,418.10848930000003
2004-08-01,new construction,347.80952379999997,558.8219246,516.5260495,419.8757483
2004-08-01,new construction wood frame,347.80952379999997,558.8219246,516.5260495,419.8757483
2004-09-01,new construction,1136.525,791.9969246,586.9317276,437.0943943
2004-09-01,new construction wood frame,1136.525,791.9969246,586.9317276,437.0943943
2004-10-01,new construction wood frame,990.6320513000001,733.5030403,607.2119253,440.9042405
2004-11-01,new construction,843.5714286,931.8078022,637.8569325,451.32561430000004
2004-11-01,new construction wood frame,843.5714286,931.8078022,637.8569325,451.32561430000004
2004-12-01,new construction,766.9378882,862.8068152000001,657.8420932,455.8231319
2004-12-01,new construction wood frame,766.9378882,862.8068152000001,657.8420932,455.8231319
2005-01-01,new construction wood frame,773.2307692,768.1964644,665.5363142000001,462.954531
2005-02-01,new construction wood frame,505.61538459999997,664.8637123999999,661.2340141,464.8606039
2005-03-01,new construction,573.8440171,645.8952527,656.6013462000001,470.06057360000005
2005-03-01,new construction wood frame,573.8440171,645.8952527,656.6013462000001,470.06057360000005
2005-04-01,new construction wood frame,778.5,654.6525641,680.935823,476.5238205
2005-05-01,new construction,599.2037037,586.5238604,671.2049427999999,480.8182405
2005-05-01,new construction wood frame,599.2037037,586.5238604,671.2049427999999,480.8182405
2005-06-01,new construction,413.28125,524.8347222,659.6143494,483.92751889999994
2005-06-01,new construction wood frame,413.28125,524.8347222,659.6143494,483.92751889999994
2005-07-01,new construction,448.61979169999995,513.155754,663.8832888,486.8652864
2005-07-01,new construction wood frame,448.61979169999995,513.155754,663.8832888,486.8652864
2005-08-01,new construction wood frame,412.7333333,441.4425,630.2311041,487.59997989999994
2005-09-01,new construction,512.2735043,481.0394017,645.8943403,491.90809010000004
2005-09-01,new construction wood frame,512.2735043,481.0394017,645.8943403,491.90809010000004
2005-10-01,new construction,488.66175210000006,473.4760683999999,581.9443403,494.46431910000007
2005-10-01,new construction wood frame,488.66175210000006,473.4760683999999,581.9443403,494.46431910000007
2005-11-01,new construction,824.3630952000001,600.5621997999999,598.6686902,505.1868241
2005-11-01,new construction wood frame,824.3630952000001,600.5621997999999,598.6686902,505.1868241
2005-12-01,new construction,747.7815476,618.2216499,582.9985602999999,511.64855250000005
2005-12-01,new construction wood frame,747.7815476,618.2216499,582.9985602999999,511.64855250000005
2006-01-01,new construction,662.6727272999999,719.4119408,580.4865948,517.3288954
2006-01-01,new construction wood frame,662.6727272999999,719.4119408,580.4865948,517.3288954
2006-02-01,new construction,718.85,684.2409091,584.1380137,525.9063645
2006-02-01,new construction wood frame,718.85,684.2409091,584.1380137,525.9063645
2006-03-01,new construction,773.6317164,720.28404,607.7660749,535.1388883999999
2006-03-01,new construction wood frame,773.6317164,720.28404,607.7660749,535.1388883999999
2006-04-01,new construction,464.9,668.7090400000001,595.8445471,536.7985592
2006-04-01,new construction wood frame,464.9,668.7090400000001,595.8445471,536.7985592
2006-05-01,new construction,613.0703007999999,693.3510086,601.7700133,544.3280491
2006-05-01,new construction wood frame,613.0703007999999,693.3510086,601.7700133,544.3280491
2006-06-01,new construction,599.6666667000001,608.6024227,608.9789022000001,550.0944457
2006-06-01,new construction wood frame,599.6666667000001,608.6024227,608.9789022000001,550.0944457
2006-07-01,new construction,502.0119048,557.5411028,608.2649737,550.215848
2006-07-01,new construction wood frame,502.0119048,557.5411028,608.2649737,550.215848
2006-08-01,new construction,870.8333332999998,624.952381,639.2149737000001,561.3316852
2006-08-01,new construction wood frame,870.8333332999998,624.952381,639.2149737000001,561.3316852
2006-09-01,new construction,222.9545455,499.3816739,615.9057730000001,558.04072
2006-09-01,new construction wood frame,222.9545455,499.3816739,615.9057730000001,558.04072
2006-10-01,new construction,442.73441560000003,585.4340547999999,627.4627562000001,563.990573
2006-10-01,new construction wood frame,442.73441560000003,585.4340547999999,627.4627562000001,563.990573
2006-11-01,new construction wood frame,679.1428571,490.01610389999996,642.5229807999999,567.0864725
2006-12-01,new construction,629.1031746,522.6067409,624.9005998,570.8917194
2006-12-01,new construction wood frame,629.1031746,522.6067409,624.9005998,570.8917194
2007-01-01,new construction,436.25,551.9619048,606.1045998,554.1749685
2007-01-01,new construction wood frame,436.25,551.9619048,606.1045998,554.1749685
2007-02-01,new construction wood frame,735.625,563.2583333,606.7872725,559.0128612000001
2007-03-01,new construction,767.2400794,626.0552721,612.1370741000001,563.8936239
2007-03-01,new construction wood frame,767.2400794,626.0552721,612.1370741000001,563.8936239
2007-04-01,new construction,668.1041667000001,644.3469388,598.7779686000001,570.6809559999999
2007-04-01,new construction wood frame,668.1041667000001,644.3469388,598.7779686000001,570.6809559999999
2007-05-01,new construction,575.2133737,657.5105332,600.2298503,572.9094413
2007-05-01,new construction wood frame,575.2133737,657.5105332,600.2298503,572.9094413
2007-06-01,new construction,486.4375,545.6214158,577.3295919,574.1474282
2007-06-01,new construction wood frame,486.4375,545.6214158,577.3295919,574.1474282
2007-07-01,new construction,576.296131,575.7547523,582.8702665,576.1360712999999
2007-07-01,new construction wood frame,576.296131,575.7547523,582.8702665,576.1360712999999
2007-08-01,new construction,519.9666666999999,557.5196429,592.5043933999999,576.8672202
2007-08-01,new construction wood frame,519.9666666999999,557.5196429,592.5043933999999,576.8672202
2007-09-01,new construction,1139.354167,775.1585317,614.8811296,592.8801407000001
2007-09-01,new construction wood frame,1139.354167,775.1585317,614.8811296,592.8801407000001
2007-10-01,new construction,804.3790064,709.5748932,635.4185712999999,593.6913003
2007-10-01,new construction wood frame,804.3790064,709.5748932,635.4185712999999,593.6913003
2007-11-01,new construction,482.25,697.0026709,620.3965475,591.8302613
2007-11-01,new construction wood frame,482.25,697.0026709,620.3965475,591.8302613
2007-12-01,new construction,545.3014706,674.8402384999999,617.0832066,591.21833
2007-12-01,new construction wood frame,545.3014706,674.8402384999999,617.0832066,591.21833
2008-01-01,new construction,633.1571428999999,574.5866947000001,619.4091113,596.5292695
2008-01-01,new construction wood frame,633.1571428999999,574.5866947000001,619.4091113,596.5292695
2008-02-01,new construction,601.2941176,614.2680672,632.6126408,594.570605
2008-02-01,new construction wood frame,601.2941176,614.2680672,632.6126408,594.570605
2008-03-01,new construction,665.494281,643.1246615,623.8743612000001,600.0089432999999
2008-03-01,new construction wood frame,665.494281,643.1246615,623.8743612000001,600.0089432999999
2008-04-01,new construction,1177.333333,785.3697596,666.3101251,615.3144988
2008-04-01,new construction wood frame,1177.333333,785.3697596,666.3101251,615.3144988
2008-05-01,new construction,898.2575757999999,781.8759284,677.7150616,612.1345917
2008-05-01,new construction wood frame,898.2575757999999,781.8759284,677.7150616,612.1345917
2008-06-01,new construction,368.96153849999996,721.8255633,667.9253981,607.1034373
2008-06-01,new construction wood frame,368.96153849999996,721.8255633,667.9253981,607.1034373
2008-07-01,new construction,584.0984162999999,741.177996,679.0154425,612.2387772999999
2008-07-01,new construction wood frame,584.0984162999999,741.177996,679.0154425,612.2387772999999
2008-08-01,new construction,755.0104167000001,641.0690831000001,698.6024216,617.2424534
2008-08-01,new construction wood frame,755.0104167000001,641.0690831000001,698.6024216,617.2424534
2008-09-01,new construction,575.125,709.7902369,651.5833244,622.2595885
2008-09-01,new construction wood frame,575.125,709.7902369,651.5833244,622.2595885
2008-10-01,new construction wood frame,574.9924242000001,646.9996212,664.0834507000001,625.631495
2008-11-01,new construction,726.2666667000001,635.5021212,685.3022913,629.8299383
2008-11-01,new construction wood frame,726.2666667000001,635.5021212,685.3022913,629.8299383
2008-12-01,new construction,554.581746,563.3291796,665.6974117000001,628.4446137
2008-12-01,new construction wood frame,554.581746,563.3291796,665.6974117000001,628.4446137
2009-01-01,new construction wood frame,361.57142860000005,515.9796825,654.8317096,625.9961096
2009-02-01,new construction wood frame,1011.0,534.5912698,676.8909227,629.4097106
2009-03-01,new construction wood frame,952.6666667000002,606.5396825,686.7746686,635.1344829
2009-04-01,new construction,420.5,621.5809524,658.6660827000001,631.5364052
2009-04-01,new construction wood frame,420.5,621.5809524,658.6660827000001,631.5364052
2009-05-01,new construction wood frame,413.9166667,629.4166667000001,596.9874835,631.0802093
2009-06-01,new construction wood frame,515.0,439.1875,590.6686758999999,633.623015
2009-07-01,new construction wood frame,675.1363636,518.4045455,626.8801667,630.6568192000001
2009-08-01,new construction wood frame,1110.714286,820.3290043,634.6092702999999,640.6163626
2009-09-01,new construction wood frame,746.0,897.3290043,626.9968253999999,632.0929622
2009-10-01,new construction wood frame,1219.333333,1183.126984,700.0851687,641.6489287
2009-11-01,new construction,434.92857139999995,827.1309524000001,676.2642687000001,633.7904122
2009-11-01,new construction wood frame,434.92857139999995,827.1309524000001,676.2642687000001,633.7904122
2009-12-01,new construction,521.0892857,753.8373015999999,662.262308,632.1932132000001
2009-12-01,new construction wood frame,521.0892857,753.8373015999999,662.262308,632.1932132000001
2010-01-01,new construction wood frame,247.0,466.27142860000004,671.229099,627.133302
2010-02-01,new construction wood frame,965.3333332999998,606.7083332999999,708.9642181,631.5536668999999
2010-03-01,new construction wood frame,747.9166667000001,591.4666667,678.9329681,631.0307251
2010-04-01,new construction,682.0,606.2083332999999,665.6621347,630.0938319
2010-05-01,new construction,777.4666667,765.6466667000001,716.2496347,636.2228503
2010-05-01,new construction wood frame,777.4666667,765.6466667000001,716.2496347,636.2228503
2010-06-01,new construction,957.8611110999999,849.6244444,763.2333164,646.7972165
2010-06-01,new construction wood frame,957.8611110999999,849.6244444,763.2333164,646.7972165
2010-07-01,new construction wood frame,873.1296296,825.2981481,774.3313555999999,650.5476794
2010-08-01,new construction,377.6666667,674.9444444000001,726.8718695,647.5578961
2010-08-01,new construction wood frame,377.6666667,674.9444444000001,726.8718695,647.5578961
2010-09-01,new construction wood frame,666.3333332999999,531.3333333,702.1840387999999,650.3946042
2010-10-01,new construction,912.7407407,698.7111111,735.0106099,661.5886128999999
2010-10-01,new construction wood frame,912.7407407,698.7111111,735.0106099,661.5886128999999
2010-11-01,new construction wood frame,393.0,782.8055555999999,666.6071011,655.7060626
2010-12-01,new construction,481.66666669999995,697.2037037,676.1935672999999,652.8308151000001
2010-12-01,new construction wood frame,481.66666669999995,697.2037037,676.1935672999999,652.8308151000001
2011-01-01,new construction,501.3589744,489.5435897,665.0471435,649.6364833
2011-01-01,new construction wood frame,501.3589744,489.5435897,665.0471435,649.6364833
2011-02-01,new construction,414.4545455,480.60450660000004,660.8902409,643.6088506
2011-02-01,new construction wood frame,414.4545455,480.60450660000004,660.8902409,643.6088506
2011-03-01,new construction wood frame,660.1548822000001,576.4546565,670.2013519999999,644.992226
2011-04-01,new construction,1319.75,803.2403707000001,738.7155733,662.0892259999999
2011-04-01,new construction wood frame,1319.75,803.2403707000001,738.7155733,662.0892259999999
2011-05-01,new construction,1024.309783,868.2433967000001,740.3984623,661.4418052999999
2011-05-01,new construction wood frame,1024.309783,868.2433967000001,740.3984623,661.4418052999999
2011-06-01,new construction,562.0555555999999,870.2250402999999,716.4762401,660.689583
2011-06-01,new construction wood frame,562.0555555999999,870.2250402999999,716.4762401,660.689583
2011-07-01,new construction wood frame,794.5037037000001,925.8214631000001,719.3407171,671.9155961
2011-08-01,new construction,953.6785714,858.1736507999999,741.3566152000001,673.5892372999999
2011-08-01,new construction wood frame,953.6785714,858.1736507999999,741.3566152000001,673.5892372999999
2011-09-01,new construction,784.3888889,947.1069841,778.3313627,684.9313453
2011-09-01,new construction wood frame,784.3888889,947.1069841,778.3313627,684.9313453
2011-10-01,new construction,789.5694444000001,844.2724867999999,784.6285498,687.6027738
2011-10-01,new construction wood frame,789.5694444000001,844.2724867999999,784.6285498,687.6027738
2011-11-01,new construction,292.0625,623.7337963,719.9431634,679.7765674999999
2011-11-01,new construction wood frame,292.0625,623.7337963,719.9431634,679.7765674999999
2011-12-01,new construction,347.3645833,568.4670139,707.1260871000001,675.7482342000001
2011-12-01,new construction wood frame,347.3645833,568.4670139,707.1260871000001,675.7482342000001
2012-01-01,new construction,1542.038462,745.5892094,791.7959589,697.8640034
2012-01-01,new construction wood frame,1542.038462,745.5892094,791.7959589,697.8640034
2012-02-01,new construction wood frame,1722.4285710000001,1122.367766,857.5136364,707.7320391
2012-03-01,new construction,943.6011904999999,960.0305468,856.8510904999999,703.1548368
2012-03-01,new construction wood frame,943.6011904999999,960.0305468,856.8510904999999,703.1548368
2012-04-01,new construction,934.3333332999998,1111.935309,821.8132117,708.4794201000001
2012-04-01,new construction wood frame,934.3333332999998,1111.935309,821.8132117,708.4794201000001
2012-05-01,new construction,613.1041667000001,754.7457483,782.086433,704.6704685
2012-05-01,new construction wood frame,613.1041667000001,754.7457483,782.086433,704.6704685
2012-06-01,new construction,1141.270833,789.1597222,834.7423673999999,717.7671351
2012-06-01,new construction wood frame,1141.270833,789.1597222,834.7423673999999,717.7671351
2012-07-01,new construction,1210.760417,911.9322917000002,855.0187862,730.0490399
2012-07-01,new construction wood frame,1210.760417,911.9322917000002,855.0187862,730.0490399
2012-08-01,new construction,1455.52381,1292.348214,898.6575025000001,748.7601827999999
2012-08-01,new construction wood frame,1455.52381,1292.348214,898.6575025000001,748.7601827999999
2012-09-01,new construction,796.75,1177.5079369999999,899.7323817,741.9080994
2012-09-01,new construction wood frame,796.75,1177.5079369999999,899.7323817,741.9080994
2012-10-01,new construction,750.1691176,985.2873483,891.8052718,746.5917872
2012-10-01,new construction wood frame,750.1691176,985.2873483,891.8052718,746.5917872
2012-11-01,new construction,684.9285714,728.4222689,925.9675389,750.6453586
2012-11-01,new construction wood frame,684.9285714,728.4222689,925.9675389,750.6453586
2012-12-01,new construction,620.0714286,685.1202731000001,939.2325492000001,749.5825855
2012-12-01,new construction wood frame,620.0714286,685.1202731000001,939.2325492000001,749.5825855
2013-01-01,new construction wood frame,1899.4166670000002,875.9404762,928.0767443,763.5491003
2013-02-01,new construction,444.07142860000005,779.597619,851.4522896,760.3728844
2013-02-01,new construction wood frame,444.07142860000005,779.597619,851.4522896,760.3728844
2013-03-01,new construction,874.2243107999999,929.5346402000001,887.6862819,771.9826369
2013-03-01,new construction wood frame,874.2243107999999,929.5346402000001,887.6862819,771.9826369
2013-04-01,new construction,1421.619048,1177.078858,957.0808057,776.9177017999999
2013-04-01,new construction wood frame,1421.619048,1177.078858,957.0808057,776.9177017999999
2013-05-01,new construction,969.1970238,921.7106673000001,923.676139,774.8488772000001
2013-05-01,new construction wood frame,969.1970238,921.7106673000001,923.676139,774.8488772000001
2013-06-01,new construction,870.8636364,936.419228,969.9952299,784.9883135
2013-06-01,new construction wood frame,870.8636364,936.419228,969.9952299,784.9883135
2013-07-01,new construction,862.4537962000002,915.8254099999999,947.0170797000001,786.0955592
2013-07-01,new construction wood frame,862.4537962000002,915.8254099999999,947.0170797000001,786.0955592
2013-08-01,new construction,419.20075760000003,714.7027833,878.1331403999999,779.3115257000001
2013-08-01,new construction wood frame,419.20075760000003,714.7027833,878.1331403999999,779.3115257000001
2013-09-01,new construction,704.9375,659.3940712,818.0862356,781.9340005
2013-09-01,new construction wood frame,704.9375,659.3940712,818.0862356,781.9340005
2013-10-01,new construction,627.7567935,558.2381148,798.3923225999999,779.3789095
2013-10-01,new construction wood frame,627.7567935,558.2381148,798.3923225999999,779.3789095
2013-11-01,new construction,1610.1285710000002,955.2140527999999,870.9155493999999,797.0561476
2013-11-01,new construction wood frame,1610.1285710000002,955.2140527999999,870.9155493999999,797.0561476
2013-12-01,new construction,1164.108929,895.9328609999999,873.5684066,803.7599968
2013-12-01,new construction wood frame,1164.108929,895.9328609999999,873.5684066,803.7599968
2014-01-01,new construction,498.6,942.272619,869.0392637,802.0953292
2014-01-01,new construction wood frame,498.6,942.272619,869.0392637,802.0953292
2014-02-01,new construction,480.75,565.8130952,799.5409587,793.7463554
2014-02-01,new construction wood frame,480.75,565.8130952,799.5409587,793.7463554
2014-03-01,new construction,534.4916667,571.4181547999999,810.630336,788.7792387000001
2014-03-01,new construction wood frame,534.4916667,571.4181547999999,810.630336,788.7792387000001
2014-04-01,new construction,1161.115741,682.1747684999999,799.6102243,803.1601268
2014-04-01,new construction wood frame,1161.115741,682.1747684999999,799.6102243,803.1601268
2014-05-01,new construction wood frame,847.8549383,668.7902116,726.7184427999999,801.4182175
2014-06-01,new construction,814.35,834.452963,750.5244428,804.4209268999999
2014-06-01,new construction wood frame,814.35,834.452963,750.5244428,804.4209268999999
2014-07-01,new construction,777.6125,807.7164021000001,740.1253518999999,802.9167016
2014-07-01,new construction wood frame,777.6125,807.7164021000001,740.1253518999999,802.9167016
2014-08-01,new construction,803.8863636,786.3704544999999,736.1127445000001,800.0312462999999
2014-08-01,new construction wood frame,803.8863636,786.3704544999999,736.1127445000001,800.0312462999999
2014-09-01,new construction,731.5,758.7537879,761.0966839,799.2552534
2014-09-01,new construction wood frame,731.5,758.7537879,761.0966839,799.2552534
2014-10-01,new construction,958.2833332999999,906.8176768,799.5070172000001,798.1275812999999
2014-10-01,new construction wood frame,958.2833332999999,906.8176768,799.5070172000001,798.1275812999999
2014-11-01,new construction,422.53333330000004,779.7,789.2635968999999,797.8980397999999
2014-11-01,new construction wood frame,422.53333330000004,779.7,789.2635968999999,797.8980397999999
2014-12-01,new construction,451.7892857,705.0363095,698.9369303,795.5609146
2014-12-01,new construction wood frame,451.7892857,705.0363095,698.9369303,795.5609146
2015-01-01,new construction,1725.4285710000001,876.3357143,779.5240731,817.6553754
2015-01-01,new construction wood frame,1725.4285710000001,876.3357143,779.5240731,817.6553754
2015-02-01,new construction,840.875,1015.782937,806.9060731000001,816.7350235
2015-02-01,new construction wood frame,840.875,1015.782937,806.9060731000001,816.7350235
2015-03-01,new construction,1083.401786,1093.3193449999999,874.5203587999999,828.488376
2015-03-01,new construction wood frame,1083.401786,1093.3193449999999,874.5203587999999,828.488376
2015-04-01,new construction,496.3071429,1097.134821,867.1662636,823.8645001
2015-04-01,new construction wood frame,496.3071429,1097.134821,867.1662636,823.8645001
2015-05-01,new construction,650.4035713999999,866.9026786000001,838.6370043,823.4948573
2015-05-01,new construction wood frame,650.4035713999999,866.9026786000001,838.6370043,823.4948573
2015-06-01,new construction,882.0833332999998,727.6301587,865.7214785,822.1416827
2015-06-01,new construction wood frame,882.0833332999998,727.6301587,865.7214785,822.1416827
2015-07-01,new construction,559.0654762,604.7345238,821.23668,812.8167879
2015-07-01,new construction wood frame,559.0654762,604.7345238,821.23668,812.8167879
2015-08-01,new construction,486.4,534.8436508000001,801.6616799999999,814.7412717
2015-08-01,new construction wood frame,486.4,534.8436508000001,801.6616799999999,814.7412717
2015-09-01,new construction,612.3,444.91587300000003,786.9242674,812.4914944
2015-09-01,new construction wood frame,612.3,444.91587300000003,786.9242674,812.4914944
2015-10-01,new construction,514.8345237999999,505.35634919999995,762.760348,801.6392945
2015-10-01,new construction wood frame,514.8345237999999,505.35634919999995,762.760348,801.6392945
2015-11-01,new construction,548.6875,526.1188492,713.8081043999999,800.793518
2015-11-01,new construction wood frame,548.6875,526.1188492,713.8081043999999,800.793518
2015-12-01,new construction,592.8576389,553.8460812999999,730.3076769999999,802.7244359
2015-12-01,new construction wood frame,592.8576389,553.8460812999999,730.3076769999999,802.7244359
2016-01-01,new construction,525.9642857,570.5598545,733.7629883999999,803.1523543999999
2016-01-01,new construction wood frame,525.9642857,570.5598545,733.7629883999999,803.1523543999999
2016-02-01,new construction,582.3285714,581.773545,645.8322192,806.0719026
2016-02-01,new construction wood frame,582.3285714,581.773545,645.8322192,806.0719026
2016-03-01,new construction,483.3006494,532.3983405,551.1073338,795.8211957000001
2016-03-01,new construction wood frame,483.3006494,532.3983405,551.1073338,795.8211957000001
2016-04-01,new construction,1474.666667,741.8080627999999,632.6372941000001,798.4921727000001
2016-04-01,new construction wood frame,1474.666667,741.8080627999999,632.6372941000001,798.4921727000001
2016-05-01,new construction,1083.722222,783.5114358,623.3271089,797.8699005
2016-05-01,new construction wood frame,1083.722222,783.5114358,623.3271089,797.8699005
2016-06-01,new construction,1232.333333,1133.259259,652.5146089,809.4264139
2016-06-01,new construction wood frame,1232.333333,1133.259259,652.5146089,809.4264139
2016-07-01,new construction,840.0583332999998,961.8902777999999,670.1592517000001,799.3985528
2016-07-01,new construction wood frame,840.0583332999998,961.8902777999999,670.1592517000001,799.3985528
2016-08-01,new construction,502.5153846,727.5440171,671.5022005,791.6863616
2016-08-01,new construction wood frame,502.5153846,727.5440171,671.5022005,791.6863616
2016-09-01,new construction,594.0714286,514.7900488,669.9831528,788.4330717
2016-09-01,new construction wood frame,594.0714286,514.7900488,669.9831528,788.4330717
2016-10-01,new construction,478.08874460000004,486.23095789999996,665.3779039,781.0374488
2016-10-01,new construction wood frame,478.08874460000004,486.23095789999996,665.3779039,781.0374488
2016-11-01,new construction,524.3333333,493.50360750000004,663.34839,785.0078904000001
2016-11-01,new construction wood frame,524.3333333,493.50360750000004,663.34839,785.0078904000001
2016-12-01,new construction,572.375,525.2318723000001,661.9641307999999,788.7301126
2016-12-01,new construction wood frame,572.375,525.2318723000001,661.9641307999999,788.7301126
2017-01-01,new construction,864.1,669.6166667,690.142107,777.141421
2017-01-01,new construction wood frame,864.1,669.6166667,690.142107,777.141421
2017-02-01,new construction,651.6333333,712.05,695.9175038,767.0032572
2017-02-01,new construction wood frame,651.6333333,712.05,695.9175038,767.0032572
2017-03-01,new construction,673.3166667,707.7875,695.8469266,769.3899097
2017-03-01,new construction wood frame,673.3166667,707.7875,695.8469266,769.3899097
2017-04-01,new construction,752.375,740.7770833,724.1624860000001,766.3058702000001
2017-04-01,new construction wood frame,752.375,740.7770833,724.1624860000001,766.3058702000001
2017-05-01,new construction,1036.6875,855.0020832999999,712.3419732000001,783.7486667999999
2017-05-01,new construction wood frame,1036.6875,855.0020832999999,712.3419732000001,783.7486667999999
2017-06-01,new construction,1137.6538460000002,1070.342949,746.5632092000001,783.6873619
2017-06-01,new construction wood frame,1137.6538460000002,1070.342949,746.5632092000001,783.6873619
2017-07-01,new construction,930.3019231000001,983.4947115,707.3798759,774.2415992000001
2017-07-01,new construction wood frame,930.3019231000001,983.4947115,707.3798759,774.2415992000001
2017-08-01,new construction,1015.925,958.8429487,751.083081,766.7907719
2017-08-01,new construction wood frame,1015.925,958.8429487,751.083081,766.7907719
2017-09-01,new construction,572.2857142999999,770.3869047999999,756.4500295,762.9862925
2017-09-01,new construction wood frame,572.2857142999999,770.3869047999999,756.4500295,762.9862925
2017-10-01,new construction,629.9404762,758.6019841,763.6441687000001,762.7152248
2017-10-01,new construction wood frame,629.9404762,758.6019841,763.6441687000001,762.7152248
2017-11-01,new construction,761.25,673.7103175,794.3475486000001,764.0088082999999
2017-11-01,new construction wood frame,761.25,673.7103175,794.3475486000001,764.0088082999999
2017-12-01,new construction,969.6170635,799.7787698,844.6283788999999,774.5642293
2017-12-01,new construction wood frame,969.6170635,799.7787698,844.6283788999999,774.5642293
2018-01-01,new construction,553.3571429,830.8637566000001,839.4699539999999,761.3939217
2018-01-01,new construction wood frame,553.3571429,830.8637566000001,839.4699539999999,761.3939217
2018-02-01,new construction,500.05,743.7970899000001,811.4661077999999,762.334738
2018-02-01,new construction wood frame,500.05,743.7970899000001,811.4661077999999,762.334738
2018-03-01,new construction wood frame,607.737037,755.1276644,824.7185299,753.6626318
2018-04-01,new construction wood frame,1209.875,689.9667327999999,851.5765937000001,746.1438244
2018-05-01,new construction,805.7777778,706.7574074,839.1894409,747.6302204
2018-05-01,new construction wood frame,805.7777778,706.7574074,839.1894409,747.6302204
2018-06-01,new construction,653.4166667000001,744.8333332999999,783.5574964,743.9131782000001
2018-06-01,new construction wood frame,653.4166667000001,744.8333332999999,783.5574964,743.9131782000001
2018-07-01,new construction,864.6875,839.4404762,778.4162037000001,747.7065863
2018-07-01,new construction wood frame,864.6875,839.4404762,778.4162037000001,747.7065863
2018-08-01,new construction wood frame,828.3333332999999,857.4166667000002,785.4096618,754.0655381
